id,azure_score
1,0.9851452708244324
2,0.13281020522117615
3,0.5
4,0.9070094227790833
5,0.18916383385658264
6,0.968468427658081
7,0.7611380815505981
